id,category,tags,createdAt,updatedAt,albumTemplateId,order,number
4,FWC,,2025-04-28 21:58:05.847073-03,2025-04-28 21:58:05.847073-03,4,1,001
5,FWC,,2025-04-28 21:58:05.847073-03,2025-04-28 21:58:05.847073-03,4,2,002
6,FWC,,2025-04-28 21:58:05.847073-03,2025-04-28 21:58:05.847073-03,4,3,003
7,FWC,,2025-04-28 21:58:05.847073-03,2025-04-28 21:58:05.847073-03,4,4,004
8,FWC,,2025-04-28 21:58:05.847073-03,2025-04-28 21:58:05.847073-03,4,5,005
9,FWC,,2025-04-28 21:58:05.847073-03,2025-04-28 21:58:05.847073-03,4,6,006
10,FWC,,2025-04-28 21:58:05.847073-03,2025-04-28 21:58:05.847073-03,4,7,007
11,QAT,,2025-04-28 21:58:05.847073-03,2025-04-28 21:58:05.847073-03,4,8,001
12,QAT,,2025-04-28 21:58:05.847073-03,2025-04-28 21:58:05.847073-03,4,9,002
13,QAT,,2025-04-28 21:58:05.847073-03,2025-04-28 21:58:05.847073-03,4,10,003
14,QAT,,2025-04-28 21:58:05.847073-03,2025-04-28 21:58:05.847073-03,4,11,004
15,QAT,,2025-04-28 21:58:05.847073-03,2025-04-28 21:58:05.847073-03,4,12,005
16,QAT,,2025-04-28 21:58:05.847073-03,2025-04-28 21:58:05.847073-03,4,13,006
17,QAT,,2025-04-28 21:58:05.847073-03,2025-04-28 21:58:05.847073-03,4,14,007
18,QAT,,2025-04-28 21:58:05.847073-03,2025-04-28 21:58:05.847073-03,4,15,008
19,QAT,,2025-04-28 21:58:05.847073-03,2025-04-28 21:58:05.847073-03,4,16,009
20,QAT,,2025-04-28 21:58:05.847073-03,2025-04-28 21:58:05.847073-03,4,17,010
21,QAT,,2025-04-28 21:58:05.847073-03,2025-04-28 21:58:05.847073-03,4,18,011
22,QAT,,2025-04-28 21:58:05.847073-03,2025-04-28 21:58:05.847073-03,4,19,012
23,QAT,,2025-04-28 21:58:05.847073-03,2025-04-28 21:58:05.847073-03,4,20,013
24,QAT,,2025-04-28 21:58:05.847073-03,2025-04-28 21:58:05.847073-03,4,21,014
25,QAT,,2025-04-28 21:58:05.847073-03,2025-04-28 21:58:05.847073-03,4,22,015
26,QAT,,2025-04-28 21:58:05.847073-03,2025-04-28 21:58:05.847073-03,4,23,016
27,QAT,,2025-04-28 21:58:05.847073-03,2025-04-28 21:58:05.847073-03,4,24,017
28,QAT,,2025-04-28 21:58:05.847073-03,2025-04-28 21:58:05.847073-03,4,25,018
29,QAT,,2025-04-28 21:58:05.847073-03,2025-04-28 21:58:05.847073-03,4,26,019
30,QAT,,2025-04-28 21:58:05.847073-03,2025-04-28 21:58:05.847073-03,4,27,020
31,ECU,,2025-04-28 21:58:05.847073-03,2025-04-28 21:58:05.847073-03,4,28,001
32,ECU,,2025-04-28 21:58:05.847073-03,2025-04-28 21:58:05.847073-03,4,29,002
33,ECU,,2025-04-28 21:58:05.847073-03,2025-04-28 21:58:05.847073-03,4,30,003
34,ECU,,2025-04-28 21:58:05.847073-03,2025-04-28 21:58:05.847073-03,4,31,004
35,ECU,,2025-04-28 21:58:05.847073-03,2025-04-28 21:58:05.847073-03,4,32,005
36,ECU,,2025-04-28 21:58:05.847073-03,2025-04-28 21:58:05.847073-03,4,33,006
37,ECU,,2025-04-28 21:58:05.847073-03,2025-04-28 21:58:05.847073-03,4,34,007
38,ECU,,2025-04-28 21:58:05.847073-03,2025-04-28 21:58:05.847073-03,4,35,008
39,ECU,,2025-04-28 21:58:05.847073-03,2025-04-28 21:58:05.847073-03,4,36,009
40,ECU,,2025-04-28 21:58:05.847073-03,2025-04-28 21:58:05.847073-03,4,37,010
41,ECU,,2025-04-28 21:58:05.847073-03,2025-04-28 21:58:05.847073-03,4,38,011
42,ECU,,2025-04-28 21:58:05.847073-03,2025-04-28 21:58:05.847073-03,4,39,012
43,ECU,,2025-04-28 21:58:05.847073-03,2025-04-28 21:58:05.847073-03,4,40,013
44,ECU,,2025-04-28 21:58:05.847073-03,2025-04-28 21:58:05.847073-03,4,41,014
45,ECU,,2025-04-28 21:58:05.847073-03,2025-04-28 21:58:05.847073-03,4,42,015
46,ECU,,2025-04-28 21:58:05.847073-03,2025-04-28 21:58:05.847073-03,4,43,016
47,ECU,,2025-04-28 21:58:05.847073-03,2025-04-28 21:58:05.847073-03,4,44,017
48,ECU,,2025-04-28 21:58:05.847073-03,2025-04-28 21:58:05.847073-03,4,45,018
49,ECU,,2025-04-28 21:58:05.847073-03,2025-04-28 21:58:05.847073-03,4,46,019
50,ECU,,2025-04-28 21:58:05.847073-03,2025-04-28 21:58:05.847073-03,4,47,020
51,SEN,,2025-04-28 22:03:00.527899-03,2025-04-28 22:03:00.527899-03,4,48,001
52,SEN,,2025-04-28 22:03:00.527899-03,2025-04-28 22:03:00.527899-03,4,49,002
53,SEN,,2025-04-28 22:03:00.527899-03,2025-04-28 22:03:00.527899-03,4,50,003
54,SEN,,2025-04-28 22:03:00.527899-03,2025-04-28 22:03:00.527899-03,4,51,004
55,SEN,,2025-04-28 22:03:00.527899-03,2025-04-28 22:03:00.527899-03,4,52,005
56,SEN,,2025-04-28 22:03:00.527899-03,2025-04-28 22:03:00.527899-03,4,53,006
57,SEN,,2025-04-28 22:03:00.527899-03,2025-04-28 22:03:00.527899-03,4,54,007
58,SEN,,2025-04-28 22:03:00.527899-03,2025-04-28 22:03:00.527899-03,4,55,008
59,SEN,,2025-04-28 22:03:00.527899-03,2025-04-28 22:03:00.527899-03,4,56,009
60,SEN,,2025-04-28 22:03:00.527899-03,2025-04-28 22:03:00.527899-03,4,57,010
61,SEN,,2025-04-28 22:03:00.527899-03,2025-04-28 22:03:00.527899-03,4,58,011
62,SEN,,2025-04-28 22:03:00.527899-03,2025-04-28 22:03:00.527899-03,4,59,012
63,SEN,,2025-04-28 22:03:00.527899-03,2025-04-28 22:03:00.527899-03,4,60,013
64,SEN,,2025-04-28 22:03:00.527899-03,2025-04-28 22:03:00.527899-03,4,61,014
65,SEN,,2025-04-28 22:03:00.527899-03,2025-04-28 22:03:00.527899-03,4,62,015
66,SEN,,2025-04-28 22:03:00.527899-03,2025-04-28 22:03:00.527899-03,4,63,016
67,SEN,,2025-04-28 22:03:00.527899-03,2025-04-28 22:03:00.527899-03,4,64,017
68,SEN,,2025-04-28 22:03:00.527899-03,2025-04-28 22:03:00.527899-03,4,65,018
69,SEN,,2025-04-28 22:03:00.527899-03,2025-04-28 22:03:00.527899-03,4,66,019
70,SEN,,2025-04-28 22:03:00.527899-03,2025-04-28 22:03:00.527899-03,4,67,020
71,NED,,2025-04-28 22:03:00.527899-03,2025-04-28 22:03:00.527899-03,4,68,001
72,NED,,2025-04-28 22:03:00.527899-03,2025-04-28 22:03:00.527899-03,4,69,002
73,NED,,2025-04-28 22:03:00.527899-03,2025-04-28 22:03:00.527899-03,4,70,003
74,NED,,2025-04-28 22:03:00.527899-03,2025-04-28 22:03:00.527899-03,4,71,004
75,NED,,2025-04-28 22:03:00.527899-03,2025-04-28 22:03:00.527899-03,4,72,005
76,NED,,2025-04-28 22:03:00.527899-03,2025-04-28 22:03:00.527899-03,4,73,006
77,NED,,2025-04-28 22:03:00.527899-03,2025-04-28 22:03:00.527899-03,4,74,007
78,NED,,2025-04-28 22:03:00.527899-03,2025-04-28 22:03:00.527899-03,4,75,008
79,NED,,2025-04-28 22:03:00.527899-03,2025-04-28 22:03:00.527899-03,4,76,009
80,NED,,2025-04-28 22:03:00.527899-03,2025-04-28 22:03:00.527899-03,4,77,010
81,NED,,2025-04-28 22:03:00.527899-03,2025-04-28 22:03:00.527899-03,4,78,011
82,NED,,2025-04-28 22:03:00.527899-03,2025-04-28 22:03:00.527899-03,4,79,012
83,NED,,2025-04-28 22:03:00.527899-03,2025-04-28 22:03:00.527899-03,4,80,013
84,NED,,2025-04-28 22:03:00.527899-03,2025-04-28 22:03:00.527899-03,4,81,014
85,NED,,2025-04-28 22:03:00.527899-03,2025-04-28 22:03:00.527899-03,4,82,015
86,NED,,2025-04-28 22:03:00.527899-03,2025-04-28 22:03:00.527899-03,4,83,016
87,NED,,2025-04-28 22:03:00.527899-03,2025-04-28 22:03:00.527899-03,4,84,017
88,NED,,2025-04-28 22:03:00.527899-03,2025-04-28 22:03:00.527899-03,4,85,018
89,NED,,2025-04-28 22:03:00.527899-03,2025-04-28 22:03:00.527899-03,4,86,019
90,NED,,2025-04-28 22:03:00.527899-03,2025-04-28 22:03:00.527899-03,4,87,020
3,FWC,,2025-04-28 21:58:05.847073-03,2025-04-28 21:58:05.847073-03,4,0,00
